Workbook

Sheet Supply_Chain_Data
A1: Date | B1: Month | C1: Quarter | D1: Year | E1: Product ID | F1: Product Name | G1: Product Category | H1: Supplier Name | I1: Warehouse Location | J1: Region | K1: Opening Stock | L1: Incoming Stock | M1: Units Sold | N1: Closing Stock | O1: Reorder Level | P1: Reorder Status | Q1: Lead Time (Days) | R1: Order Quantity | S1: Delivery Status | T1: Delivery Time (Days) | U1: Inventory Holding Cost | V1: Stockout Status | W1: Demand Forecast | X1: Actual Demand | Y1: Forecast Accuracy % | Z1: Inventory Turnover Ratio
A2: 45299 | B2: January | C2: Q1 | D2: 2024 | E2: SKU1005 | F2: Refrigerator 300L | G2: Home Appliances | H2: Meridian Distributors | I2: Warehouse A - Mumbai | J2: West | K2: 499 | L2: 385 | M2: 478 | N2: =K2+L2-M2 -> 406 | O2: 397 | P2: =IF(N2<=O2,"Reorder Needed","Sufficient") -> Sufficient | Q2: 21 | R2: 956 | S2: =IF(T2>Q2,"Delayed","On Time") -> On Time | T2: 18 | U2: 11183.29 | V2: =IF(N2<=0,"Yes","No") -> No | W2: 133 | X2: 148 | Y2: =IFERROR(1-ABS(W2-X2)/X2,0) -> 0.89864865 | Z2: =IFERROR(M2/((K2+N2)/2),0) -> 1.0563536
A3: 45309 | B3: January | C3: Q1 | D3: 2024 | E3: SKU1004 | F3: Smart Watch | G3: Electronics | H3: Horizon Freight | I3: Warehouse D - Kolkata | J3: East | K3: 1471 | L3: 593 | M3: 518 | N3: =K3+L3-M3 -> 1546 | O3: 382 | P3: =IF(N3<=O3,"Reorder Needed","Sufficient") -> Sufficient | Q3: 16 | R3: 861 | S3: =IF(T3>Q3,"Delayed","On Time") -> Delayed | T3: 17 | U3: 12095.92 | V3: =IF(N3<=0,"Yes","No") -> No | W3: 1493 | X3: 1812 | Y3: =IFERROR(1-ABS(W3-X3)/X3,0) -> 0.82395143 | Z3: =IFERROR(M3/((K3+N3)/2),0) -> 0.34338747
A4: 45313 | B4: January | C4: Q1 | D4: 2024 | E4: SKU1004 | F4: Smart Watch | G4: Electronics | H4: Cascade Vendors | I4: Warehouse E - Ahmedabad | J4: West | K4: 322 | L4: 399 | M4: 136 | N4: =K4+L4-M4 -> 585 | O4: 231 | P4: =IF(N4<=O4,"Reorder Needed","Sufficient") -> Sufficient | Q4: 16 | R4: 353 | S4: =IF(T4>Q4,"Delayed","On Time") -> On Time | T4: 16 | U4: 6586.86 | V4: =IF(N4<=0,"Yes","No") -> No | W4: 888 | X4: 904 | Y4: =IFERROR(1-ABS(W4-X4)/X4,0) -> 0.98230088 | Z4: =IFERROR(M4/((K4+N4)/2),0) -> 0.29988975
A5: 45317 | B5: January | C5: Q1 | D5: 2024 | E5: SKU1009 | F5: Wooden Dining Table | G5: Furniture | H5: Horizon Freight | I5: Warehouse C - Bengaluru | J5: South | K5: 609 | L5: 587 | M5: 795 | N5: =K5+L5-M5 -> 401 | O5: 155 | P5: =IF(N5<=O5,"Reorder Needed","Sufficient") -> Sufficient | Q5: 17 | R5: 712 | S5: =IF(T5>Q5,"Delayed","On Time") -> Delayed | T5: 22 | U5: 609.72 | V5: =IF(N5<=0,"Yes","No") -> No | W5: 1427 | X5: 1678 | Y5: =IFERROR(1-ABS(W5-X5)/X5,0) -> 0.85041716 | Z5: =IFERROR(M5/((K5+N5)/2),0) -> 1.5742574
A6: 45320 | B6: January | C6: Q1 | D6: 2024 | E6: SKU1008 | F6: Office Chair | G6: Furniture | H6: Cascade Vendors | I6: Warehouse E - Ahmedabad | J6: West | K6: 1024 | L6: 628 | M6: 419 | N6: =K6+L6-M6 -> 1233 | O6: 267 | P6: =IF(N6<=O6,"Reorder Needed","Sufficient") -> Sufficient | Q6: 2 | R6: 421 | S6: =IF(T6>Q6,"Delayed","On Time") -> Delayed | T6: 6 | U6: 4459.75 | V6: =IF(N6<=0,"Yes","No") -> No | W6: 972 | X6: 887 | Y6: =IFERROR(1-ABS(W6-X6)/X6,0) -> 0.90417136 | Z6: =IFERROR(M6/((K6+N6)/2),0) -> 0.37128932
A7: 45320 | B7: January | C7: Q1 | D7: 2024 | E7: SKU1006 | F7: Washing Machine 7kg | G7: Home Appliances | H7: Meridian Distributors | I7: Warehouse C - Bengaluru | J7: South | K7: 1039 | L7: 751 | M7: 62 | N7: =K7+L7-M7 -> 1728 | O7: 117 | P7: =IF(N7<=O7,"Reorder Needed","Sufficient") -> Sufficient | Q7: 10 | R7: 791 | S7: =IF(T7>Q7,"Delayed","On Time") -> Delayed | T7: 14 | U7: 9054.28 | V7: =IF(N7<=0,"Yes","No") -> No | W7: 1581 | X7: 1422 | Y7: =IFERROR(1-ABS(W7-X7)/X7,0) -> 0.88818565 | Z7: =IFERROR(M7/((K7+N7)/2),0) -> 0.044813878
A8: 45347 | B8: February | C8: Q1 | D8: 2024 | E8: SKU1006 | F8: Washing Machine 7kg | G8: Home Appliances | H8: Vantage Supply Co. | I8: Warehouse D - Kolkata | J8: East | K8: 60 | L8: 365 | M8: 131 | N8: =K8+L8-M8 -> 294 | O8: 149 | P8: =IF(N8<=O8,"Reorder Needed","Sufficient") -> Sufficient | Q8: 9 | R8: 376 | S8: =IF(T8>Q8,"Delayed","On Time") -> On Time | T8: 6 | U8: 5929.73 | V8: =IF(N8<=0,"Yes","No") -> No | W8: 140 | X8: 169 | Y8: =IFERROR(1-ABS(W8-X8)/X8,0) -> 0.82840237 | Z8: =IFERROR(M8/((K8+N8)/2),0) -> 0.74011299
A9: 45348 | B9: February | C9: Q1 | D9: 2024 | E9: SKU1001 | F9: Smartphone X1 | G9: Electronics | H9: Vantage Supply Co. | I9: Warehouse B - Delhi | J9: North | K9: 571 | L9: 122 | M9: 531 | N9: =K9+L9-M9 -> 162 | O9: 79 | P9: =IF(N9<=O9,"Reorder Needed","Sufficient") -> Sufficient | Q9: 12 | R9: 176 | S9: =IF(T9>Q9,"Delayed","On Time") -> Delayed | T9: 14 | U9: 8758.26 | V9: =IF(N9<=0,"Yes","No") -> No | W9: 1170 | X9: 1061 | Y9: =IFERROR(1-ABS(W9-X9)/X9,0) -> 0.89726673 | Z9: =IFERROR(M9/((K9+N9)/2),0) -> 1.4488404
A10: 45350 | B10: February | C10: Q1 | D10: 2024 | E10: SKU1008 | F10: Office Chair | G10: Furniture | H10: Vantage Supply Co. | I10: Warehouse D - Kolkata | J10: East | K10: 711 | L10: 721 | M10: 7 | N10: =K10+L10-M10 -> 1425 | O10: 68 | P10: =IF(N10<=O10,"Reorder Needed","Sufficient") -> Sufficient | Q10: 13 | R10: 779 | S10: =IF(T10>Q10,"Delayed","On Time") -> On Time | T10: 13 | U10: 7589.22 | V10: =IF(N10<=0,"Yes","No") -> No | W10: 1060 | X10: 1079 | Y10: =IFERROR(1-ABS(W10-X10)/X10,0) -> 0.9823911 | Z10: =IFERROR(M10/((K10+N10)/2),0) -> 0.0065543071
A11: 45355 | B11: March | C11: Q1 | D11: 2024 | E11: SKU1016 | F11: Skin Care Cream | G11: FMCG | H11: Northstar Traders | I11: Warehouse E - Ahmedabad | J11: West | K11: 742 | L11: 562 | M11: 1075 | N11: =K11+L11-M11 -> 229 | O11: 317 | P11: =IF(N11<=O11,"Reorder Needed","Sufficient") -> Reorder Needed | Q11: 5 | R11: 760 | S11: =IF(T11>Q11,"Delayed","On Time") -> Delayed | T11: 7 | U11: 5198.8 | V11: =IF(N11<=0,"Yes","No") -> No | W11: 208 | X11: 245 | Y11: =IFERROR(1-ABS(W11-X11)/X11,0) -> 0.84897959 | Z11: =IFERROR(M11/((K11+N11)/2),0) -> 2.2142122
A12: 45359 | B12: March | C12: Q1 | D12: 2024 | E12: SKU1011 | F12: Men's Formal Shirt | G12: Apparel | H12: Summit Wholesale | I12: Warehouse D - Kolkata | J12: East | K12: 204 | L12: 490 | M12: 40 | N12: =K12+L12-M12 -> 654 | O12: 365 | P12: =IF(N12<=O12,"Reorder Needed","Sufficient") -> Sufficient | Q12: 13 | R12: 67 | S12: =IF(T12>Q12,"Delayed","On Time") -> Delayed | T12: 14 | U12: 3251.73 | V12: =IF(N12<=0,"Yes","No") -> No | W12: 852 | X12: 752 | Y12: =IFERROR(1-ABS(W12-X12)/X12,0) -> 0.86702128 | Z12: =IFERROR(M12/((K12+N12)/2),0) -> 0.093240093
A13: 45359 | B13: March | C13: Q1 | D13: 2024 | E13: SKU1013 | F13: Running Shoes | G13: Apparel | H13: Cascade Vendors | I13: Warehouse B - Delhi | J13: North | K13: 1190 | L13: 737 | M13: 1631 | N13: =K13+L13-M13 -> 296 | O13: 63 | P13: =IF(N13<=O13,"Reorder Needed","Sufficient") -> Sufficient | Q13: 20 | R13: 415 | S13: =IF(T13>Q13,"Delayed","On Time") -> On Time | T13: 17 | U13: 3243.37 | V13: =IF(N13<=0,"Yes","No") -> No | W13: 1445 | X13: 1586 | Y13: =IFERROR(1-ABS(W13-X13)/X13,0) -> 0.9110971 | Z13: =IFERROR(M13/((K13+N13)/2),0) -> 2.1951548
... A151: 46022 | B151: December | C151: Q4 | D151: 2025 | E151: SKU1009 | F151: Wooden Dining Table | G151: Furniture | H151: Vantage Supply Co. | I151: Warehouse A - Mumbai | J151: West | K151: 1371 | L151: 652 | M151: 863 | N151: =K151+L151-M151 -> 1160 | O151: 326 | P151: =IF(N151<=O151,"Reorder Needed","Sufficient") -> Sufficient | Q151: 9 | R151: 786 | S151: =IF(T151>Q151,"Delayed","On Time") -> On Time | T151: 6 | U151: 7827.61 | V151: =IF(N151<=0,"Yes","No") -> No | W151: 266 | X151: 192 | Y151: =IFERROR(1-ABS(W151-X151)/X151,0) -> 0.61458333 | Z151: =IFERROR(M151/((K151+N151)/2),0) -> 0.6819439

Sheet KPI_Summary
A1: Metric | B1: Value
A2: Total Opening Stock | B2: =SUM(Supply_Chain_Data!K2:K151) -> 116639
A3: Total Incoming Stock | B3: =SUM(Supply_Chain_Data!L2:L151) -> 60942
A4: Total Units Sold | B4: =SUM(Supply_Chain_Data!M2:M151) -> 93205
A5: Total Closing Stock | B5: =SUM(Supply_Chain_Data!N2:N151) -> 84376
A6: Stockout Count | B6: =COUNTIF(Supply_Chain_Data!V2:V151,"Yes") -> 14
A7: Reorder Count | B7: =COUNTIF(Supply_Chain_Data!P2:P151,"Reorder Needed") -> 35
A8: Average Lead Time (Days) | B8: =AVERAGE(Supply_Chain_Data!Q2:Q151) -> 12.333333
A9: On-Time Delivery % | B9: =COUNTIF(Supply_Chain_Data!S2:S151,"On Time")/COUNTA(Supply_Chain_Data!E2:E151) -> 0.34666667
A10: Average Forecast Accuracy % | B10: =AVERAGE(Supply_Chain_Data!Y2:Y151) -> 0.85652404
A11: Total Inventory Holding Cost | B11: =SUM(Supply_Chain_Data!U2:U151) -> 1103947.8
A12: Average Inventory Turnover Ratio | B12: =AVERAGE(Supply_Chain_Data!Z2:Z151) -> 1.3337762
